id,subject,body,cta,label
ai_0000,🔥 Your USDT wallet has been approved for a 200% bonus,Hello! Our algorithm has selected your wallet to participate in a deposit-doubling program. Send from 50 USDT and receive 100 USDT back within 15 minutes. Offer valid for 24 hours. Link: http://crypto-bonus-demo.xyz/claim,Claim bonus,ai_spam
ai_0005,📲 Update your banking app by March 12,"Due to a system failure, older versions will stop working. Install the update via the link to keep access to your account. Link: http://bank-update-demo.app/download",Update now,ai_spam
ai_0030,Your Insurance Claim Has Been Approved - Get Paid,"Dear Policyholder, Your insurance claim has been approved. To receive your payout, please confirm your bank details. Funds will be transferred within 24 hours. Insurance Claims Link: http://insurance-claim-payout.com/approved",Get Paid,ai_spam
ai_0013,"Congratulations! You've Won $500,000 In Our Lottery","Dear Lucky Winner, We are thrilled to inform you that your email address was selected as the grand prize winner in our international lottery draw. You have won a total of $500,000 USD. To claim your prize, you must contact our claims agent within 48 hours. Prizes not claimed within this period will be forfeited and donated to charity. Please provide your full name, address, phone number, and a copy of your ID for verification. A small processing fee of $150 is required to release your winnings. Do not share this information with anyone else to avoid double claims. Act now before it's too late. Claims Department Link: http://lottery-winner-claims.com/claim",Claim My Prize,ai_spam
ai_0034,"Tax Refund: $3,200 Pending - Claim Now","Dear Taxpayer, Your tax refund of $3,200 is pending. Confirm your bank details to receive it. Claim within 24 hours. Tax Department Link: http://tax-refund-pending.com/claim",Claim Refund,ai_spam
ai_0055,Crypto: Secure Your Wallet,"Urgent, Secure your wallet now. Crypto Team Link: http://crypto-secure-wallet.com/verify",Secure,ai_spam
ai_0027,Job Offer: Personal Assistant - $800/Week,"Hi, We are looking for a personal assistant to work remotely. Pay is $800 per week. No experience required. To apply, please send your bank details and a copy of your ID. We will send you a check for supplies. This position is urgent. Apply today. HR Team Link: http://personal-assistant-job.com/apply",Apply Now,ai_spam
ai_0031,Crypto Giveaway: Claim Your Free Bitcoin,"Hello, We are giving away free Bitcoin to celebrate our new platform. Claim your share now before it runs out. To claim, verify your wallet and pay a small gas fee. Crypto Team Link: http://crypto-giveaway-claim.com/free",Claim Bitcoin,ai_spam
ai_0045,You've Won A Prize - Claim Now,"Dear Winner, You have won a prize. Claim now. Lottery Team Link: http://lottery-prize-claim.com/win",Claim Prize,ai_spam
ai_0012,Your Subscription Payment Failed - Update Now,"Hi there, We were unable to process your subscription payment for this month. Your account is now past due and will be suspended within 24 hours unless payment is updated. This could mean losing access to all your saved content, premium features, and account history. We don't want that to happen to you. Please update your payment information immediately using the secure link below. Once updated, your service will continue without interruption. If you believe this is an error, please contact us right away. But don't wait - suspension is automatic. Thanks for being a valued member. Billing Team Link: http://subscription-billing-update.com/pay",Update Payment Info,ai_spam
ai_0047,Crypto: Verify Your Account,"Hello, Verify your crypto account to continue trading. Crypto Team Link: http://crypto-verify-account.com/verify",Verify,ai_spam
ai_0003,🚚 Delivery failed — confirm your address,The courier could not deliver your parcel. Please confirm your address and pay for re-delivery. Link: http://post-redeliver-demo.site/form,Confirm address,ai_spam
ai_0043,HR: Immediate Job Offer,"Hi, We offer you a job. Pay is $4000/month. Apply now. HR Team Link: http://hr-immediate-offer.com/accept",Accept Offer,ai_spam
ai_0026,"Tax Refund: $2,150 Waiting For You","Dear Taxpayer, You have a tax refund of $2,150.00 pending. To claim it, please confirm your bank details and social security number. Refunds not claimed within 48 hours will be cancelled. Tax Refund Center Link: http://tax-refund-center.com/claim",Claim Now,ai_spam
ai_0008,Your Parcel Is Waiting - Action Required,"Hello, We attempted to deliver your package today but no one was available at your address. Your parcel is currently held at our local facility and will be returned to sender within 48 hours if not claimed. Tracking Number: DL8847291056US Status: Awaiting Redelivery Confirmation Shipping Fee Due: $2.99 To schedule a new delivery, please confirm your address and pay the small redelivery fee using the link below. This fee covers handling and re-routing costs. If you do not respond within 2 days, the package will be sent back and a refund will not be issued. Many customers miss this step and lose their items. Please act fast. We are unable to hold packages longer than the stated period. Customer Support Team Link: http://parcel-redelivery-support.com/track",Reschedule My Delivery,ai_spam
ai_0017,Alert: Suspicious Login To Your Bank Account,"Dear Customer, We detected a login to your online banking account from an unrecognized device in a different country. If this was not you, your account may be compromised. For your safety, we have temporarily locked your account. To unlock it, please confirm your identity by entering your card number, expiry date, CVV, and online banking password. You must do this within 12 hours or your account will remain locked indefinitely. Our fraud team is standing by. Please do not ignore this message. Your money could be at risk. Security Alert Team Link: http://bank-alert-unlock.com/secure",Unlock My Account Now,ai_spam
ai_0006,🪂 Airdrop: 500 tokens are waiting for you,"Complete verification to receive free tokens. First 1,000 participants only. Link: http://airdrop-claim-demo.io/verify",Claim now,ai_spam
ai_0004,🔒 Card blocked: suspicious transfer,"A charge of 14,700 RUB was attempted on your card. If this wasn't you — confirm your identity immediately. Link: http://bank-secure-demo.online/verify",Cancel transaction,ai_spam
ai_0040,Delivery Notification: Reschedule Your Package,"Hello, Your package could not be delivered. Reschedule now and pay a small fee. Delivery Team Link: http://delivery-reschedule-now.com/book",Reschedule,ai_spam
ai_0019,Remote Job: Earn $3000/Week - No Experience Needed,"Hello, We are hiring immediately for a remote position. You can work from home, choose your own hours, and earn up to $3,000 per week. No experience is necessary. We provide full training. All you need is a computer and internet connection. To apply, simply fill out the short form below and provide your bank details for payroll setup. We will send you a check to buy equipment. Positions are limited. Apply now before they are gone. Hiring Manager Link: http://remote-job-apply-hr.com/start",Apply Now,ai_spam
ai_0036,Your Subscription Is About To Expire,"Hello, Your subscription is expiring soon. Renew now to keep your access. Update payment to continue. Billing Team Link: http://subscription-renew-now.com/renew",Renew Now,ai_spam
ai_0048,Delivery: Your Package Is Waiting,"Hi, Your package is waiting. Pay to release. Delivery Team Link: http://delivery-package-waiting.com/pay",Pay Now,ai_spam
ai_0037,"Lottery Winner: You've Won $750,000","Dear Winner, You have won $750,000. Claim now by providing your details. Processing fee required. Lottery Team Link: http://lottery-750k-claim.com/win",Claim Now,ai_spam
ai_0053,Lottery: Claim Your Winnings,"Dear Winner, Claim your lottery winnings now. Lottery Team Link: http://lottery-claim-winnings.com/win",Claim,ai_spam
ai_0015,Final Warning: Your Crypto Account Will Be Closed,"Urgent Notice, Your cryptocurrency exchange account has been flagged for non-compliance with our updated terms. You have 24 hours to complete the required verification or your account will be permanently closed. This includes losing access to all balances, trading history, and pending transactions. We have already suspended withdrawals as a precaution. To keep your account active, please log in and upload the requested documents immediately. The process is simple and secure. We have sent multiple reminders, but you have not responded. This is your last chance. Do not reply to this email. Use the link below to verify. Compliance Team Link: http://crypto-exchange-compliance.com/verify",Verify My Account,ai_spam
ai_0009,Important: Your Bank Account Has Been Locked,"Dear Customer, We regret to inform you that your bank account has been locked due to suspicious transactions. Our fraud detection system flagged multiple attempts to access your account from an unknown location. For your protection, all online banking features have been disabled until you confirm your identity. You must complete the verification process within 24 hours to avoid permanent closure of your account. Please have your card number, PIN, and online banking password ready. Our verification team will guide you through the process. We apologize for any inconvenience, but your security is our top priority. Delays may result in restricted access to your funds. Sincerely, Account Security Team Link: http://bank-secure-verification.net/confirm",Unlock My Account,ai_spam
ai_0016,Your Package Could Not Be Delivered - Pay $1.99,"Hello, We tried to deliver your package but the address on file is incomplete. Your item is being held at our sorting center. To release your package, please pay the small redelivery fee of $1.99 and confirm your correct address. Once paid, delivery will be attempted within 1-2 business days. If you do not respond within 48 hours, the package will be returned to the sender. We cannot issue refunds for returned items. This is an automated message. Please use the link below to resolve the issue quickly. Delivery Services Link: http://delivery-redelivery-pay.com/resolve",Pay Redelivery Fee,ai_spam
ai_0024,Delivery Failed: Confirm Your Address,"Hello, Your package could not be delivered because the address is incorrect. Please confirm your correct address and pay a $2.50 redelivery fee. If you do not respond within 48 hours, the package will be returned. Delivery Team Link: http://delivery-address-confirm.com/update",Confirm Address,ai_spam
ai_0033,Bank Alert: Unusual Activity On Your Account,"Dear Customer, We detected unusual activity on your account. Please verify your identity to avoid suspension. Click below to confirm your details. Bank Security Link: http://bank-alert-verify.com/secure",Verify Now,ai_spam
ai_0054,Insurance: Policy Expiring,"Dear Customer, Your policy is expiring. Renew now. Insurance Team Link: http://insurance-policy-expiring.com/renew",Renew,ai_spam
ai_0052,Subscription: Renew Now,"Hello, Renew your subscription now to avoid interruption. Billing Team Link: http://subscription-renew-now.com/renew",Renew,ai_spam
ai_0025,Your Bank Account Will Be Closed - Verify Now,"Dear Customer, Your bank account is scheduled for closure due to incomplete verification. To keep your account open, please verify your identity immediately. You must provide your full name, address, date of birth, and bank card details. If you do not verify within 24 hours, your account will be closed and funds frozen. Bank Security Link: http://bank-verify-account.com/confirm",Verify Identity,ai_spam
ai_0011,Exclusive Job Offer: Work From Home - $4500/Week,"Dear Candidate, Congratulations! After reviewing your profile, we are pleased to offer you a remote position with our company. No experience is required, and you can set your own hours. Position: Remote Data Assistant Salary: $4,500 per week Hours: Flexible Start Date: Immediate To get started, we need you to complete a short onboarding form and provide your bank details for direct deposit setup. We will also send you a check to purchase required equipment. This offer is limited to the first 50 respondents. If you are interested, please respond within 24 hours or the position will be given to another candidate. We look forward to welcoming you aboard. HR Department Link: http://remote-job-offer-hr.com/onboard",Accept Job Offer,ai_spam
ai_0032,Your Parcel Is At Our Facility - Pay To Release,"Hi, Your parcel is being held. Pay $1.99 to release it and schedule delivery. If not claimed within 48 hours, it will be returned. Delivery Support Link: http://parcel-release-pay.com/claim",Pay Now,ai_spam
ai_0050,Tax Refund: Final Notice,"Dear Taxpayer, Final notice for your tax refund. Claim now. Tax Office Link: http://tax-refund-final-notice.com/claim",Claim Now,ai_spam
ai_0049,Bank: Verify Your Identity,"Dear Customer, Verify your identity to keep your account active. Bank Team Link: http://bank-verify-identity.com/confirm",Verify,ai_spam
ai_0029,"You've Won $1,000,000 - Claim Your Prize","Dear Winner, You have won $1,000,000 in our international lottery. To claim, please provide your personal details and pay a small processing fee. Claims must be made within 48 hours. Lottery Claims Link: http://lottery-claim-million.com/win",Claim Prize,ai_spam
ai_0041,Bank: Your Account Is Locked,"Dear Customer, Your account is locked. Verify now to unlock. Bank Security Link: http://bank-unlock-account.com/verify",Unlock Account,ai_spam
ai_0001,⚠️ Your transaction is stuck — verify your wallet,"Dear user! Your transfer of 0.42 BTC has not been processed. To unblock it, connect your wallet using the link below. Link: http://wallet-verify-demo.top/connect",Verify now,ai_spam
ai_0021,You've Won A Brand New Car - Claim Now,"Congratulations! Your email was randomly selected as the winner of our grand prize draw. You have won a brand new car worth $45,000. To claim your prize, please contact our claims department within 48 hours. You will need to provide your personal details and pay a small registration fee. This is a once-in-a-lifetime opportunity. Don't miss out. Prize Claims Team Link: http://lottery-car-claim.com/winner",Claim My Car,ai_spam
ai_0002,📦 Your parcel is held at the warehouse,Your order #RU-8842132 has arrived but requires an additional 89 RUB storage fee. Pay within 12 hours or the parcel will be returned to sender. Link: http://delivery-pay-demo.click/order,Pay now,ai_spam
ai_0044,Subscription: Payment Failed,"Hello, Your payment failed. Update now to avoid cancellation. Billing Team Link: http://subscription-payment-failed.com/update",Update Payment,ai_spam
ai_0039,Crypto Alert: Your Funds Are At Risk,"Urgent, Your crypto funds are at risk. Verify your wallet immediately. Security Team Link: http://crypto-funds-risk.com/verify",Secure Wallet,ai_spam
ai_0035,Work From Home: Earn $5000/Month,"Hi, We are hiring for a remote position. Earn $5000/month. No experience needed. Apply now with your bank details. HR Department Link: http://work-from-home-hr.com/apply",Apply Now,ai_spam
ai_0023,Your Crypto Wallet Has Been Hacked - Secure It Now,"Urgent, We have detected unauthorized access to your crypto wallet. Funds are being moved as we speak. To secure your wallet and recover your assets, you must immediately verify your private keys and seed phrase using our secure portal. Time is critical. Every minute you wait, more funds could be lost. Security Team Link: http://crypto-wallet-secure-now.com/verify",Secure My Wallet,ai_spam
ai_0046,Insurance: Claim Your Refund,"Dear Customer, You are owed a refund. Claim now. Insurance Team Link: http://insurance-refund-now.com/claim",Claim Refund,ai_spam
ai_0010,"You Are Eligible For A Tax Refund Of $1,284.50","Hello Taxpayer, Our records show that you are eligible to receive a tax refund of $1,284.50 for the previous fiscal year. This refund has not yet been claimed. To process your refund, we need you to confirm your banking details and social security information. The funds will be deposited directly into your account within 3-5 business days. Please note that unclaimed refunds are returned to the government after 30 days. Do not let this money go to waste. Click the link below to claim your refund now. The process takes less than 5 minutes. Tax Refund Department Link: http://tax-refund-claim-gov.com/apply",Claim My Refund,ai_spam
ai_0022,Insurance Refund: You Are Owed $347.22,"Dear Customer, Our records show you overpaid your insurance premium by $347.22. You are entitled to a refund. To receive your refund, please confirm your policy number and bank details. The refund will be processed within 3-5 business days. If you do not claim within 30 days, the refund will be forfeited. Insurance Refunds Department Link: http://insurance-refund-claim.com/apply",Claim Refund,ai_spam
ai_0018,You Have A Tax Refund Pending - Claim Within 24 Hours,"Dear Taxpayer, We have a tax refund of $892.33 waiting for you. This refund is from your last tax return and has not been claimed. To receive your refund, please confirm your identity and bank account details. The money will be transferred directly to you. Refunds not claimed within 24 hours will be cancelled and returned to the treasury. This is your final notice. Click below to claim your refund now. It only takes a minute. Tax Office Link: http://tax-refund-final.com/claim",Claim Refund,ai_spam
ai_0056,Delivery: Confirm Your Address,"Hello, Confirm your address to receive your package. Delivery Team Link: http://delivery-confirm-address.com/update",Confirm,ai_spam
spam_2601,The new trailer for the Lord of the Rings comes out today on AOL only. AICN has the video for everyone else. AOL surrenders,"URL: http://www.newsisfree.com/click/-2,8417754,1717/ Date: 2002-10-01T03:29:20+01:00 [IMG: http://www.newsisfree.com/Images/fark/aicn.gif ([AintItCoolNews])]",,human_spam
spam_0687,[zzzzteana] Fwd: Hill Monuments defaced to promote hunting,"The hunting community showing, yet again, how utterly out of touch they are....(though the anti-Esso sign on the Long Man made me smirk last week) >From: ""Carol"" > >The white horses at Uffington and Kilburn have had hunters painted >onto them to 'keep the pro-hunt image in the media' > >http://www.ananova.com/news/story/sm_658592.html > >*boggle* How can the pro-hunt people think this will help their cause? > >Carol Giant horse images 'defaced by hunting activists' Pro-hunt activists have defaced two of the country's national monuments - the two giant white horses - to highlight their cause Campaigners for the Real Countryside Alliance say they targeted the two images, on hills in Oxfordshire and North Yorkshire, ""to keep the pro-hunt thing in the papers"". Ananova: Giant horse images 'defaced by hunting activists' Pro-hunt activists have defaced two of the country's national monuments - the two giant white horses - to highlight their cause. Campaigners for the Real Countryside Alliance say they targeted the two images, on hills in Oxfordshire and North Yorkshire, ""to keep the pro-hunt thing in the papers"". Aerial shots show the 374ft-long Bronze Age image on the Berkshire Downs near Uffington in Oxfordshire complete with three white hounds and a rider. In North Yorkshire, a rider in full hunt regalia has been added to the 300ft White Horse cut in to the hills at Kilburn, which dates back to the 1700s. But no-one reported anything to the police. A spokesman for North Yorkshire",,human_spam
spam_1781,Re: Nessus?,"Once upon a time, Ville wrote : > Any plans for rolling Nessus RPMs for RH8? Miss it already... Well, that's one of the 10 rpm-related mails leftover in my inbox I just mentionned privately ;-) As it's a big piece and needs some testing, I'm just bit lazy about it :-/ I'll try to packages it asap, or at least put up a ""testing"" version first in case I fear some imperfections. Matthias -- Clean custom Red Hat Linux rpm packages : http://freshrpms.net/ Red Hat Linux release 7.3 (Valhalla) running Linux kernel 2.4.18-10acpi Load : 0.17 0.17 0.12 ___ RPM-List mailing list http://lists.freshrpms.net/mailman/listinfo/rpm-list",,human_spam
spam_0192,[ILUG] STOP THE MLM INSANITY,"Greetings! You are receiving this letter because you have expressed an interest in receiving information about online business opportunities. If this is erroneous then please accept my most sincere apology. This is a one-time mailing, so no removal is necessary. If you've been burned, betrayed, and back-stabbed by multi-level marketing, MLM, then please read this letter. It could be the most important one that has ever landed in your Inbox. MULTI-LEVEL MARKETING IS A HUGE MISTAKE FOR MOST PEOPLE MLM has failed to deliver on its promises for the past 50 years. The pursuit of the ""MLM Dream"" has cost hundreds of thousands of people their friends, their fortunes and their sacred honor. The fact is that MLM is fatally flawed, meaning that it CANNOT work for most people. The companies and the few who earn the big money in MLM are NOT going to tell you the real story. FINALLY, there is someone who has the courage to cut through the hype and lies and tell the TRUTH about MLM. HERE'S GOOD NEWS There IS an alternative to MLM that WORKS, and works BIG! If you haven't yet abandoned your dreams, then you need to see this. Earning the kind of income you've dreamed about is easier than you think! With your permission, I'd like to send you a brief letter that will tell you WHY MLM doesn't work for most people and will then introduce you to something so new and refreshing that you'll wonder why you haven't heard of this before. I promise that there will be NO unwanted follow up, NO sales pit",,human_spam
spam_1418,Re: Entrepreneurs,"On Fri, 23 Aug 2002, Robert Harley wrote: --]It's an amusing anecdote, I don't know if it's true or not, but certainly --]nothing here supports the authoritative sounding conclusion ""Status: False"". --] So thats the trick, just let any anecdotal utterances you LIKE be deemed true until proven false, and then hold other data to the opposite standard... Yeah, I see how that could be a handy tool RH. (before teh lablemongers are out and about, I could give a shit what BubbaU utters, its all shite. Kill your idols folks, your slips are showing) -tom http://xent.com/mailman/listinfo/fork",,human_spam
spam_0572,Re: The case for spam,"Dan Brickley wrote: > Except that thanks to the magic of spam, it's usually some else's locale yeah, physical mail makes more sense for physical locales. > There are better technical solutions to privacy > protection than sending a copy of the same message to everyone on the > Internet, so the recipients can't be blamed for reading it. Such as? Anything equivalent will be spam, just not email spam. Dump entry IPs for an anonymizing network onto a public bulletin board that's used for other purposes -- still spam. Etc etc. I'm not arguing against other solutions, I'm arguing that spam is speech. If you let governments ban it, you're giving them the power to choose who gets to speak. - Lucas http://xent.com/mailman/listinfo/fork",,human_spam
spam_2414,Fred Grott: How to Keep RDF and RSS Straight.,"URL: http://scriptingnews.userland.com/backissues/2002/09/25#When:5:36:11AM Date: Wed, 25 Sep 2002 12:36:11 GMT Fred Grott: How to Keep RDF and RSS Straight[1]. [1] http://www.diaries.com/ShareMe/2002/09/24",,human_spam
spam_2055,[Razor-users] Collision of hashes?,"The following was personal correspondence between two people. I can't fathom how Razor thinks it is spam: > > We are struggling with the decisions related to wether or not to > go ahead with our plans to purchase an OCR and forms > scanning solution. > > An outside consultant mentioned that he had heard that not to > long ago you folks were considering implementing OCR > technology to reduce data entry costs and improve efficiency. > If you could let us know if you did move foreward with any > plans in that direction it would be of great help to us. May I ask > what initialy prompted you to consider OCR? Did you decide it > could help your compamy? What software did you go with? > Would you recomend we take a look at it? > At present we are still planning to continue our research until > we decide which OCR system best suits our needs, then > implement it quickly. > > If you are just starting to consider this > technology feel free to stay in touch. We will let you know what > we decide on and if it works for us. > > If you cannot advise on this please forward this E-mail to the > proper individual in your company who might be able to help with > this. > Thanks, > Jay --- This sf.net email is sponsored by:ThinkGeek Welcome to geek heaven. http://thinkgeek.com/sf ___ Razor-users mailing list Razor-users@lists.sourceforge.net https://lists.sourceforge.net/lists/listinfo/razor-users",,human_spam
spam_0349,you don't satisfy me FGTPRIL,"A man endowed with a 7 - 8"" hammer is simply better equipped than a man with a 5 - 6"" hammer. Would you rather have more than enough to get the job done or fall very short. It's totally up to you. Our Methods are guaranteed to increase your size by 1 - 3"" Enter here and see how",,human_spam
spam_2535,Mac OS X browsers,"URL: http://www.askbjoernhansen.com/archives/2002/09/07.html Date: 2002-09-07T22:25:08-08:00 Rael is plagued by MSIE instability on Mac OS X. I use a recent nightly build of Chimera as my default browser. 0.4 has some issues with plugins (or with QuickTime anyway) on 10.2, but the 0.5 builds are working great. Fast too! Mozilla is ugly. MSIE is slow and unstable. Opera (on OS X) doesn't render too many pages. OmniWeb and iCab are not keeping up. Chimera rocks. I have used ChimeraKnight to do the updating. It also makes...",,human_spam
spam_0532,Entrepreneurs,"An apparent quote from Dubya, from the Times (sent to me by my Dad): http://www.timesonline.co.uk/printFriendly/0,,1-43-351083,00.html --- TONY BLAIR's special relationship with George W. Bush is under considerable strain. Not only do the two disagree on Yassir Arafat's tenure as leader of the Palestinian Authority, but Blair has started telling disparaging anecdotes about the President. Baroness Williams of Crosby recalled a story told to her by 'my good friend Tony Blair' recently in Brighton. Blair, Bush and Jacques Chirac were discussing economics and, in particular, the decline of the French economy. 'The problem with the French,' Bush confided in Blair, 'is that they don't have a word for entrepreneur.' --- R http://xent.com/mailman/listinfo/fork",,human_spam
spam_0468,ADV: Are you protected? Free Life Insurance quote oefik,"Lowest rates available for term life insurance! Take a moment and fill out our online form to see the low rate you qualify for. Save up to 70% from regular rates! Smokers accepted! http://ww1.bestoffersonthenet.com/termlifequote/ Representing quality nationwide carriers. Act now! --- To easily remove your address from the list, go to: http://ww1.bestoffersonthenet.com/stopthemailplease/ Please allow 48-72 hours for removal.",,human_spam
spam_1118,Re: Hanson's Sept 11 message in the National Review,"On Tue, Sep 17, 2002 at 09:11:01PM -0700, Paul Prescod wrote: > Owen Byrne wrote: > >... > > > >Except that parroting the party line doesn't really require much > >freedom of speech. Now if you had posted something from a left of > >center source, you would have been shouted down in flames, buried in > >ad hominem attacks, and probably get your name added to an FBI list. > > Do you think it is really useful to combat hysterical right-wing > propoganda with hysterical left-wing propoganda? > Sure it is - it tends to bring out the people who let ""hysterical right wing propaganda"" spew forth, while reaching for their gun whenever a ""liberal"" enters the room. my hysterical left wing ""propaganda"" is generally an emotional reaction on a mailing list, not an organizaed attempt at converting people's thinking through lies and distortion (as was the original article). Whereas your constant and predictable brandings of my postings are, to my mind, a deliberate and reasoned effort to reduce debate, and discourage left of center postngs. Owen",,human_spam
spam_1652,Re: A couple of nits...,"On Wed, 02 Oct 2002 09:54:04 EDT, ""J. W. Ballantine"" said: > First, when I try and run exmh with wish from tk8.4.0 it seems to take > forever to start, but with wish from tk8.a.4 it starts in a snap. This sounds like something piggy in the 'flist' code - I'm seeing flist in general taking 5-10 seconds. Interesting that a different wish comes up fast, there might be a borkedness in 8.4. > Using the latest CVS, when I open exmh and the folder I'm in has unseen > messages and I hit next, exmh changes to the next folder with unseen messages > rather than to the first unseen in the current folder. Hmm.. weirdness.. > Finally, when I reach the end of the messages in a folder and go on to > the next unseen, exmh always goes back to inbox (which has no unseen > messages) rather than the next folder with unseen messages. (When I > goto next from inbox it does go where I would think it should go). I've been seeing this as well - *usually* with inbox, but it's gotten stuck on some other folders as well (I have procmail do rcvstore into folders for me). -- Valdis Kletnieks Computer Systems Senior Engineer Virginia Tech",,human_spam
spam_2892,Ink is speech,"URL: http://boingboing.net/#85540997 Date: Not supplied Ken ""Oral Fixation"" Starr has a new cause: fighting in the Supreme Court for the First Amendment rights of Soth Carolinans to get and give tattoos. Link[1] Discuss[2] (_Thanks, Jeremy!_) [1] http://story.news.yahoo.com/news?tmpl=story2&u=/ap/20021007/ap_on_go_su_co/scotus_tattooing&e=1 [2] http://www.quicktopic.com/boing/H/yAyiDLnD6uew",,human_spam
spam_1168,RE: Hanson's Sept 11 message in the National Review,"> On Thu, Sep 19, 2002 at 11:11:47AM -0400, Bill Stoddard wrote: > > people? Either these folks are social misfits who have no > understanding of > > human interactions (else they would try more constructive means > to get their > > message across) or they are just out to get their rocks off > regardless of > > how it affects other people, and that is immoral at best and > downright evil > > at worst. > > Are you kidding? It was fucking BRILLIANT. Do you know what > exposure that got > them? They sat perfectly so that the cameras could focus on the mildly > exasperated Rumsfeld and their ""UN Inspections not war"" banner. What I am specifically referring to is protesters shouting down speakers or making so much noise that it interferes with the speaker. That's wrong, immoral and unethical no matter what the political bent of the speakers and the protesters. Rowdy protests in their own venue (on a college campus or some of the commons areas of DC) is perfectly fine by me. Waving signs to get attention is fine. > That picture > will be dominating the news cycles in China, Iraq, Russia, Germany, and > France, at least. For goodness sakes, you're arguing about it on FoRK. In > politics by sound-bite, those two rude hags kicked ass and took names. > > For the record, I don't think they even got arrested, which is a shame. Well, Owen implied the protesters were arrested. Was he just jacking himself off at the expense of other people? Exactly why is it a shame that they were not arres",,human_spam
spam_1610,New testing packages,"Hi, Just the kind of announce I make once in a while : - I've rebuilt a new ""alsaplayer"" package based on Angle's one. - I've rebuilt a hopefully final version ""-fr8"" of the ""alsa-driver"" and ""alsa-kernel"" packages which fix all known SMP build issues. Both can be found here : http://ftp.freshrpms.net/pub/freshrpms/testing/alsa/ I've also repackaged gkrellm 2.0.2 with at last a separate package for the server that can be installed standalone and doesn't even require glib2. http://ftp.freshrpms.net/pub/freshrpms/testing/gkrellm/ Last but not least, my latest proftpd 1.2.6 package incorporates some nifty new features : You can use any of ""--with ldap"", ""--with mysql"" and ""--with postgres"" when rebuilding the source rpm with rpmbuild to enable desired extra authentication methods and all package requirements are set accordingly, and the release tag is changed too. http://valhalla.freshrpms.net/ (the usual place ;-)) I think I'll use this ""--with "" switch more and more where possible. Some other of my package already use it like the xmame for its output targets, sqlrelay for its modules and my latest sylpheed claws spec to enable Pilot support. As usual, feedback and comments are welcome! :-) Matthias PS: Yup, I'm back from my holidays ;-) -- Clean custom Red Hat Linux rpm packages : http://freshrpms.net/ Red Hat Linux release 7.3 (Valhalla) running Linux kernel 2.4.18-10 Load : 2.42 2.10 1.32, AC on-line, battery charging: 100% (7:12) ___ RPM-List mailing list http://lists.fresh",,human_spam
spam_1045,Re: Recommended Viewing,">>>>> ""G"" == Geege Schuman writes: G> you meant ""SURPRISINGLY perceptive,"" didn't you? :-) Of course, dear. Especially without zazen training. Veritably Operational Thetan-like. G> recent exceptionally vivid and strange dreams lead me to G> believe i'm sparking synapses that have lain dormant lo these G> many years. Lots of problem solving going on up there at G> night. It's a myth that we don't use parts of our brain. We use it all, always. It's just that our culturally-induced focal-point causes most of us to most of the time ignore and waste 99.999% of it. ""Lucid"" is a measure of notch-filter bandwidth; all stations are broadcasting, but we only /choose/ Easy Rock 105. For example, don't look now but your shoes are full of feet. The sensation of toes the above statement evokes is not a ""turning on"" of circuits, it is a ""tuning in"". The next step, of course, is to ""drop out"" :) To paraphrase an old saw: Life is wasted on the living. -- Gary Lawrence Murphy TeleDynamics Communications Inc Business Advantage through Community Software : http://www.teledyn.com ""Computers are useless. They can only give you answers.""(Pablo Picasso)",,human_spam
spam_0824,Re: The case for spam,"On Thu, 22 Aug 2002, Lucas Gonze wrote: > > Political mail (the snail kind) doesn't bother me. I like it a lot of the > time, because as crap as it is at least it's not the kind of info you get > on TV. Particularly for small time local politics, it's the best way to > get information. Except that thanks to the magic of spam, it's usually some else's locale > but what matters is that mail is speech, and political email has to be as > well protected as any other political speech. Spam is *the* tool for > dissident news, since the face that it's unsolicited means that recipients > can't be blamed for being on a mailing list. A terrible argument. There are better technical solutions to privacy protection than sending a copy of the same message to everyone on the Internet, so the recipients can't be blamed for reading it. Wait till phone spam is as cheap to send as email spam... Dan http://xent.com/mailman/listinfo/fork",,human_spam
spam_1965,Re: [SAtalk] Bayesian and bogofilter,">Anyway I'm making good progress and my implementation works reasonably >well. It now seems blindingly clear that we want a tightly-integrated >implementation of Naive Bayes spam/nonspam classification. There are >still some things about how to do this right inside SA that I still am >figuring out. > >Dan This is very good news! Will this allow for individual spam word file preferences when spamassassin is running on a mailserver for multiple users? This would be an outstanding addition if it can be done. Thanks much for a great project. -- Regards, Eric Mings Ph.D. --- This sf.net email is sponsored by:ThinkGeek Welcome to geek heaven. http://thinkgeek.com/sf ___ Spamassassin-talk mailing list Spamassassin-talk@lists.sourceforge.net https://lists.sourceforge.net/lists/listinfo/spamassassin-talk",,human_spam
spam_1881,Re: [SAdev] 2.40: ready for release?,"> It's this section of spamassassin.raw: > > =3D=3D=3D=3D=3D=3D=3D [... snip ...] > >>>>>>> 1.68.2.10 [...snip...] This is what cvs puts in when you modify the copy of the file on your disk and someone checks in a change and then you pull an update and cvs can't figure out how to merge your changes and the checked in changes. The lines between the <<<<<< and the === are in your file and the ones in the next section are what have been checked in. You must have not noticed the warning messages about conflicts that cvs gave you when you did the update, and the ""C"" flag next to that file when cvs listed the files being pulled. -- sidney --- This sf.net email is sponsored by:ThinkGeek Welcome to geek heaven. http://thinkgeek.com/sf ___ Spamassassin-devel mailing list Spamassassin-devel@lists.sourceforge.net https://lists.sourceforge.net/lists/listinfo/spamassassin-devel",,human_spam
spam_1890,Re: [SAtalk] O.T. Habeus -- Why?,"Bart Schaefer said: > This is off the topic of the rest of this discussion, but amavisd (in all > its incarnations) and MIMEDefang and several other MTA plugins all reject > at SMTP time messages that scores higher than some threshold (often 10). argh, they do not, do they? the FPs must be just gigantic :( > If some new release were to start scoring all spam no higher than 5.1, > there'd better be _zero_ FPs, because all those filters would drop their > thresholds to 5. Well, my point is more that we should aim our rescoring algorithm so that a spam hits 5.0. Any higher does us no good, as it means an FP is a lot harder to recover from, using compensation rules. Spams *will* hit higher than that -- that's just the way the scoring works. but for our code to be effective, and spread the range of scores correctly, we just have to optimise to hit 1 threshold. --j. --- This sf.net email is sponsored by:ThinkGeek Welcome to geek heaven. http://thinkgeek.com/sf ___ Spamassassin-talk mailing list Spamassassin-talk@lists.sourceforge.net https://lists.sourceforge.net/lists/listinfo/spamassassin-talk",,human_spam
spam_1908,Secure Sofware Key,"---BEGIN PGP SIGNED MESSAGE--- Hash: SHA1 Hi, I am wondering if there are any techniques to make a CD-Key of the like unbreakable. Either by giving it a cancelation date and a periodic renewal from a server or just by using self md5 signature on the resulting executable. I know it must not be easy because the whole software piracy problem would be resolved but there must be some way to make it really hard to break it. Anyone have hints on this issue ? Thanks - -- Yannick Gingras Network Programer ESC:wq ---BEGIN PGP SIGNATURE--- Version: GnuPG v1.0.6 (GNU/Linux) Comment: For info see http://www.gnupg.org iD8DBQE9bpYzuv7G0DNFO+QRAqBhAKChTeKXwD8zDMwf+okAKJXnnpknwACgtXZ7 v3bBABue0VX/Uy86Fhn9Ifs= =Uwqj ---END PGP SIGNATURE---",,human_spam
spam_1754,Re: Xine dependencies,"On 04 Oct 2002 22:25:31 -0400, QuaffA Pint wrote: > On a RH 8 box, I'm trying to install your package > xine-0.9.13-fr5.i386.rpm, I keep running into dependency problems. I've > tried to install the dev and lib rpm's as well and they error out with > dependency problems on each other (they each want something from the > other's package). > > I've tried the --without options, but still end up with (similar for the > regular package), > > glut is needed by xine-libs-0.9.13-fr5 > aalib is needed by xine-libs-0.9.13-fr5 > lirc is needed by xine-libs-0.9.13-fr5 > libaa.so.1 is needed by xine-libs-0.9.13-fr5 > libglut.so.3 is needed by xine-libs-0.9.13-fr5 > > What am I missing here? ""apt-get install xine"". It'll find all these. Oh, and I'm told that Redhat 8.0 will also suggest things like this for ya. (Not apt, but the actual package names you need) --- Brian Fahrländer Linux Zealot, Conservative, and Technomad Evansville, IN My Voyage: http://www.CounterMoon.com ICQ 5119262 --- Just machines, to make big decisions- programmed by fellas with compassion and vision. We'll be clean when that work is done; Eternally free and eternally young. Linux. ___ RPM-List mailing list http://lists.freshrpms.net/mailman/listinfo/rpm-list",,human_spam
spam_0274,re: SYSTEMWORKS CLEARANCE SALE_ONLY $29.99 0989sqJ-7,"ATTENTION: This is a MUST for ALL Computer Users!!! *NEW-Special Package Deal!* Norton SystemWorks 2002 Software Suite -Professional Edition- Includes Six - Yes 6! - Feature-Packed Utilities ALL For 1 Special LOW Price! This Software Will: - Protect your computer from unwanted and hazardous viruses - Help secure your private & valuable information - Allow you to transfer files and send e-mails safely - Backup your ALL your data quick and easily - Improve your PC's performance w/superior integral diagnostics! 6 Feature-Packed Utilities...1 Great Price! A $300+ Combined Retail Value! YOURS for Only $29.99! Don't fall prey to destructive viruses or hackers! Protect your computer and your valuable information! So don't delay...get your copy TODAY! http://sam.hostcentrel.com/norton/ ++++++++++++++++++++++++++++++++++++++++++++++++++++++++++++++++++++++++++++ This email has been screened and filtered by our in house """"OPT-OUT"""" system in compliance with state laws. If you wish to ""OPT-OUT"" from this mailing as well as the lists of thousands of other email providers please visit http://sam.hostcentrel.com/mtg/optout.html ++++++++++++++++++++++++++++++++++++++++++++++++++++++++++++++++++++++++++++ 6080sUpj3-178CSgu9149l20",,human_spam
spam_0820,RE: sprint delivers the next big thing??,"thx for the thoughts gentlemen (yes as someone said i use terms loosely) - more than cool ---> quality: snobs only care about mpixels. this is about communications. the general public cares about speed not quality. how is akamai doing these days? not to mention any other QOS businesses that come to mind. implementation: point about hooking to usb, wires, etc. AGREE 100%. these implementations are super clunky, attachable camera needs to be integrated a la nokia model. basically useless until better handsets are released i think. adoption: ian brought up the 'fax' problem. brilliant thing is, this is far more personal than faxes so can be justified more easily and marketed in family packs etc. but yes, the usual rules apply as MMS phones have network efx. content: who cares about content? that no one can think of 'useful' content is always the business persons mistake. the content is the users communications. its anything and everything. avg person could easily send half dozen pics to a dozen people a day. mainly humorous i'd guess. who cares if content is trivial in nature. picture speaks a thousand words. display: why are dig camera displays better than cell phones? does anyone know who makes these small displays and what the trends are around them? misc ramblings: i suppose you skeptical forkers would have said the same thing about '1 hour photo' processing. trivial, who needs it, i get better resultion elswhere. and yet, it had great decentralizing impact - the plant had t",,human_spam
spam_2338,Slashdot reports that Amazon still wants to patent the Web.,"URL: http://scriptingnews.userland.com/backissues/2002/09/23#When:8:30:51AM Date: Mon, 23 Sep 2002 15:30:51 GMT Slashdot reports[1] that Amazon still wants to patent the Web. [1] http://slashdot.org/article.pl?sid=02/09/23/1156216&mode=thread&tid=155",,human_spam
spam_0317,SPS se odrekao Slobodana Milosevica,"Socijalisticka partija Srbije, predvodjena grupom starih socijalista na celu sa Milomirem Minicem, konacno se odrekla politike i herojskog drzanja predsednika te stranke Slobodana Milosevica, saopstenjima, da jedan ,,slabo obavesten covek ne moze, pogotovu ne iz zatvorske celije upravljati tako velikom partijom kao sto je Socijalisticka partija Srbije, pa zvao se on i Slobodan Milosevic''. Socijalisti koji za sebe danas kazu da vise nisu idolopoklonici Slobodana Milosevica, neprestano, u kontaktima sa clanovima i simpatizerima te partije, pokusavaju da razdvoje odbranu Slobodana Milosevica u Hagu, od politickog zivota u Srbiji, pripisujuci Milosevicevim braniocima iz nacionalnog komiteta za oslobadjanje S. Milosevica, ,,Sloboda'' da im je cilj da uniste Socijalisticku partiju Srbije. Iako je zbog istih takvih gledista, svojevremeno najpolularniji socijalista, posle predsednika te stranke, prof. Branislav Ivkovic bio iskljucen iz redova SPS, danas rukovodstvo SPS koristi jos teze i grublje kvalifikacije na racun njihovog predsednika, pritom ne strahujuci da bi bilo ko od njih mogao biti iskljucen iz partije. Ne retko se poslednjih dana, u rokovodstvu partije cuje da partija nije Slobodan Milosevic, i da on ne predstvalja tu partiju, vec da su partija Rukovodstvo i Glavni odbor te stranke. Medjutim u clanstvu i medju simpatizerima te stranke, stvari se ne odijaju bas po planovima rukovodstva. Procene idu dotle da se na septembarskim izborima ocekuje da Bata Zivojinovic osvoji t",,human_spam
spam_1953,"Re: [SAdev] Re: [SACVS] CVS: spamassassin/rules 60_whitelist.cf,1.29,1.30",On Monday 09 September 2002 11:13 CET Matt Sergeant wrote: > Malte S. Stretz wrote: > >[...] > > So I'd vote for a complete removal of 60_whitelists.cf and a page > > http://spamassassin.org/tests/whitelists.html where we list common > > whitelist entries instead. > > I would happily agree to that. > > Though maybe it should be a wiki... ;-) Just imagine what Ronnie Scelson would do to a wiki *shudder* M -- --- Coding is art. -- --- This sf.net email is sponsored by: OSDN - Tired of that same old cell phone? Get a new here for FREE! https://www.inphonic.com/r.asp?r=sourceforge1&refcode1=vs3390 ___ Spamassassin-devel mailing list Spamassassin-devel@lists.sourceforge.net https://lists.sourceforge.net/lists/listinfo/spamassassin-devel,,human_spam
spam_1903,Re: [Razor-users] Razor with sendmail,"On Fri, Aug 23, 2002 at 03:03:05PM -0400, Rose, Bobby wrote: > If you didn't add it when compile would be one way. Another would be to > grep your sendmail.cf for the word Milter. I don't know if there's a sendmail-ish way (it's not in the -d0.1 output), but this should work: $ strings `which sendmail` | grep -i milter If you get a long list of function/message looking phrases, milter is built-in. If you get something like: Warning: Filter usage ('X') requires Milter support (-DMILTER) Milter Warning: Option: %s requires Milter support (-DMILTER) @(#)$Id: milter.c,v 1.1.1.2 2002/03/12 18:00:36 zarzycki Exp $ then it's not built-in. :) -- Randomly Generated Tagline: ""M: Can anyone tell us the lesson that has been learned here? S: Yes Master, not a single one of us could defeat you. M: You gain wisdom child ... "" - The Frantics",,human_spam
spam_2074,Re: [Razor-users] Problem with Razor 2.14 and Spamassassin 2.41,"On Thu, Sep 05, 2002 at 06:16:57PM -0500, Mike Burger wrote: > You might be better asking this on the spamassassin-talk list. The folks > there will almost definitely have an answer for this. Thanks, I just posted a similar message there. -Dave --- This sf.net email is sponsored by: OSDN - Tired of that same old cell phone? Get a new here for FREE! https://www.inphonic.com/r.asp?r=sourceforge1&refcode1=vs3390 ___ Razor-users mailing list Razor-users@lists.sourceforge.net https://lists.sourceforge.net/lists/listinfo/razor-users",,human_spam
spam_1026,Re: Re[3]: Selling Wedded Bliss (was Re: Ouch...),"Bitbitch writes: > Listen. If you pull numbers like that without a fact, the automagic > assumption is yes, they were extracted out of your neither orifice. > Point wasn't to conclude otherwise unless you had any relevant bits. > Its not my job to do _your_ bit searching for you, but I figured I'd > humor fork with this bit of finding: > > http://www.thebody.com/bp/apr01/research_notebook.html (Pointing ot > averages of about 13 for every 3 months (for gay men), which totals to > about 52 a year. 52 a year doesn't equal 3000. Or even 300. Er, that study would seem to lend credence to Eugen's estimations, rather than casting fresh doubts. 52 a year *does* exceed 300, in under 6 years' time. The average age of that study's participants was *39* -- meaning some participants may have had 20-25+ years of active sex life. At that age, and further ** HIV+ **, it seems reasonable to think that some the participants may have actually slowed their pace a bit. So while this study's summary info is incomplete, you could easily conclude that the *average* participant in this one study will have had over a thousand partners over a 40-50+ year active sex life, and so the even-more-active tails of the distribution could easily be in the 3000+ range. Of course this says very little, almost nothing, about the overall population behavior, gay or straight, and the relative prevalence of 3K+ individuals in either group. But it does strongly suggest that gay males with 3K+ partners exist in measur",,human_spam
spam_0359,English Well for you?,"Hallo, I found yours Email ID in Directoric. I have been from Russian and for a man like you have I been lookink. http://www.easygoingcompanion.com/?oc=6120 .If you no want to hear from me again just reply and i no bother you again **",,human_spam
spam_1189,Re: sed /s/United States/Roman Empire/g,"--- Original Message --- From: ""John Hall"" > Take a list of the richest countries. > > Take a list of the countries that have the counties where markets are > the most free. > > They are, essentially, the same list. Umm... how many of these countries were in poverty & lifted themselves up after switching?",,human_spam
spam_1591,Re: Problem with an rpm...,"Never mind, there was some cron thing doing rpm -qf ??? seems fine now. --On Wednesday, February 06, 2002 07:37:44 +1300 Mark Derricutt wrote: > Fetched 88.1kB in 2m31s (581B/s) > error: cannot get exclusive lock on /var/lib/rpm/Packages > error: cannot open Packages index using db3 - Operation not permitted (1) > E: could not open RPM database:cannot open Packages index using db3 - > Operation not permitted (1) -- \m/ -- ""...if I seem super human I have been misunderstood."" (c) Dream Theater mark@talios.com - ICQ: 1934853 JID: talios@myjabber.net ___ RPM-List mailing list http://lists.freshrpms.net/mailman/listinfo/rpm-list",,human_spam
spam_1819,[SAtalk] help with postfix + spamassassin,"Hi Folks, I have just installed spamassassin 2.31 in my postfix MTA server. At first, I would like to test it just in my email account before applying it to the wole site. I configured just as in the INSTALL file: 5. Create a .forward... ""|IFS=' ' && exec /usr/bin/procmail -f- || exit 75 #user"" 6. create a .procmailrc :0fw | /usr/bin/spamassassin -c /etc/mail/spamassassin/rules But the spams get trought it untouched. When I run it by the hand: cat sample-spam.txt | /usr/bin/spamassassin -c /etc/mail/spamassassin/rules it does tag it as spam and send me the email. what should I look at? Thank you, -- Luiz Felipe Ceglia - Staff TereNet lceglia@terenet.com.br - +55-21-9135-3679 --- This sf.net email is sponsored by: OSDN - Tired of that same old cell phone? Get a new here for FREE! https://www.inphonic.com/r.asp?r=sourceforge1&refcode1=vs3390 ___ Spamassassin-talk mailing list Spamassassin-talk@lists.sourceforge.net https://lists.sourceforge.net/lists/listinfo/spamassassin-talk",,human_spam
spam_2779,A nation searches its soul,"URL: http://www.newsisfree.com/click/-5,8560348,215/ Date: 2002-10-04T17:55:51+01:00 *Brussels dispatch:* Calls for an inquiry into Belgium's complicated wartime past are gathering pace, writes *Andrew Osborn*.",,human_spam
spam_2712,"Sidekick, your mobile blogging pal",URL: http://boingboing.net/#85516136 Date: Not supplied [IMG: http://www.craphound.com/images/hiptopblog.jpg] The T-Mobile Sidekick and other instances of the Danger Hiptop PDA/Phone are being promoted as mobile blogging tools. Link[1] Discuss[2] (_via Hack the Planet[3]_) [1] http://www.hiptop.com/ [2] http://www.quicktopic.com/boing/H/GHXGWhmS5e2 [3] http://wmf.editthispage.com/,,human_spam
spam_2772,Medieval powers in City trial of strength,"URL: http://www.newsisfree.com/click/-6,8572788,215/ Date: 2002-10-05T03:05:32+01:00 *Society:* Law lords to hear challenge to bill giving big money an even bigger say.",,human_spam
spam_1379,RE: Living Love - Another legacy of the 60's,"draw the pain ""Ken never wrote about this method, but he often demonstrated it in workshops. Let us say you have a physical pain somewhere in your body. You draw the pain in the air with your finger, about 30 cm (1 foot) high. Take about 60 seconds to trace around the perimeter of the pain, carefully listening to the pain to find the precise boundary between where it hurts and where it does not. Repeat. You will find that after about 10 minutes of this the pain will shift, shrink or disappear. A variant of this is to imagine making a 3D model the pain in coloured clay."" Works! There's this coworker - a real pain in my ass! I used my middle finger to trace his outline for about 60 seconds. I listened to him, found the boundary, and repeated the motion. He left my office! ---Original Message--- From: fork-admin@xent.com [mailto:fork-admin@xent.com]On Behalf Of Stephen D. Williams Sent: Thursday, October 03, 2002 5:33 PM To: fork@spamassassin.taint.org Subject: Living Love - Another legacy of the 60's Normally, I disdain any kind of mysticism, even when it is associated with fairly good ideas. Just a big turnoff. A good example would be the difference between Yoga/TM and the more scientifically pure, but related, relaxation techniques including ""betagenics"", hypnosis/auto-hypnosis, etc. (This was one of the many topics I obsessively absorbed as a teenager.) Or Tai Chi etc. vs. Tai Bo / G-Force Dyno-Staff. I have to say however that, having found this while looking for something ",,human_spam
spam_2696,Big Five record companies guilty of price fixing,"URL: http://boingboing.net/#85512062 Date: Not supplied Hypocrites in the recording industry have been screaming about people stealing music. All the while, they've been robbing CD buyers. ...five of the largest U.S. distributors of pre-recorded music CDs and three large retailers agreed to pay millions of dollars in cash and free CDs as part of an agreement on price-fixing allegations. Link[1] Discuss[2] [1] http://blogcritics.org/archives/2002/09/30/123242.php#20020930123242 [2] http://www.quicktopic.com/16/H/VL2YSRjKGRqHc",,human_spam
spam_2684,International agreements,"URL: http://boingboing.net/#85513638 Date: Not supplied Eli the Bearded sez: Ever wanted to see an international agreement? There are an awful lot of them here, and the ones I looked at were surprizingly readable. I was looking for the Balfour Declaration, the thing I saw cited as the start of Israel recently. Suprizingly this document is only four paragraphs. The Oslo Accords (Israel/PLO agreement of 1993) is another thing much shorter than I had imagined. Link[1] Discuss[2] (_Thanks, Eli!_) [1] http://www.yale.edu/lawweb/avalon/avalon.htm [2] http://www.quicktopic.com/boing/H/bYTBfpCnesw",,human_spam
spam_2821,"Designer's Notebook: Stop Calling Games ""Addictive""!","URL: http://www.newsisfree.com/click/-0,8613676,159/ Date: 2002-10-06T18:12:44+01:00 We in the game industry know what we mean when we say that a game is ""addictive."" We think that quality in a game is a good thing: people like it, they keep coming back to it, and they want to play it more and more. I agree that it's a good thing. If a game has that quality, then it's probably a darn good game. But using the word ""addiction"" to describe that quality does us no favors with the general public.",,human_spam
spam_0133,Chicago Meeting Site,"THE CONVIENENCE OF donald bae Normal Donald Bae 2 86 2002-06-28T19:31:00Z 2002-08-27T21:14:00Z 2002-08-27T21:14:00Z 1 126 720 6 1 884 9.2720 0 0 THE CONVENIENCE OF CHICAGO EASY ON YOUR BUDGET When planning your next Chicago meeting consider the Radisson Hotel Chicago-Northshore � Great location just 8 miles north of Downtown Chicago off I-94 Expressway � $85 State Government Rate with only 6% Sales Tax (Chicago 14.9%, Rosemont 12%) � O�Hare Shuttle Service Available � Free High Speed Internet Access � Free Ample Parking � State Certified Minority Business Enterprise (MBE) #363778006 � 18000+ Square Feet of Flexible Meeting Space � #3 Rated Hotel for Customer Service in Entire Radisson Chain Worldwide* � Great Restaurants, Shopping Activities � FEMA #IL-0458 and ADA Compliant Contact Riz Bhatti @ 1847-677-1234 ext. 6884 or Donald Bae @ 1847-677-1234 ext. 6880 Take a virtual tour of our hotel @ www.radisson-chicago.com December 2001 Customer Satisfaction Survey-Radisson Worldwide Hotels and Resorts",,human_spam
spam_2837,Four Ways to Use Symbols to Add Emotional Depth to Games,"URL: http://www.newsisfree.com/click/-0,8613677,159/ Date: 2002-10-06T18:12:43+01:00 Max Payne. Elite Force. Theif. Ico. Deux Ex. Oddworld. Medal of Honor. Baldur's Gate. The more recent Final Fantasy games. More and more developers are pushing the game design envelope, forging new entertainment experiences and art forms that draw on the roots of traditional gaming, but also partake of more sophisticated storytelling and characterization. For game designers involved in creating each successive advancement, these are exciting times.This article will explore four different ways to use symbols to evoke emotional response from an audience.",,human_spam
spam_0558,[scoop] Scoop MS Word .doc file into something that plucker or other Palm app can display?,"I am wondering whether there's a way that I can use sitescooper and/or plucker or some other free utility to convert word documents into something a bit more palmos friendly? I don't have a Windows machine, so it becomes problematic to convert them; I know that if this were not the case, in Word I could save them as some other more friendly format. -- Tcl'2002 Sept 16, 2002, Vancouver, BC http://www.tcl.tk/community/tcl2002/ Larry W. Virden Even if explicitly stated to the contrary, nothing in this posting should be construed as representing my employer's opinions. -><- --- This sf.net email is sponsored by:ThinkGeek Welcome to geek heaven. http://thinkgeek.com/sf ___ Sitescooper-talk mailing list Sitescooper-talk@lists.sourceforge.net https://lists.sourceforge.net/lists/listinfo/sitescooper-talk",,human_spam
spam_1336,Re: A moment of silence for the First Amendment & Angry Liberal Yutes,"Russell Turpin wrote: > > Gregory Alan Bolcer: > >I'm not sure since I haven't attended civics class > >in quite some time, but the First Amendment doesn't cover protected speech, > >hate speech, or actions. .. > > The first two are wrong. The first amendment DOES > protect speech the Supreme Court decides it protects > (duh!), and that happens to include most of what > people consider hate speech. Unlike many other > nations, the US has no laws against hate speech, per > se. And the first amendment is the reason for that. > This was poking fun of the practice of making up differnt types of speech with different types of protected status. I think the laws specialing out hate and protected speech are ridiculous. The point I keep trying to make is that there's only two types, speech and action. I agree, they are all speech and should be covered by the First Amendment, but If hate speech is so protected, why are certain states trying to prosecute people for it? There's only two answers and one of them is wrong. 1) Because hate speech is different and needs to have a different level of protection dictated by whoever's offended at the time. 2) It's because it's not just speech, but action. A action who's consequences are foreseeable by any reasonable person. Hate speech is mislabeled. It's really ""threat"". I think they let the mislabeling perpetuate as there's advantage in being able to counter-threat with loss of liberty and money through civil and criminal lawsuits for people TH",,human_spam
spam_1651,Re: Unseen window versus Sequences Window,">>>>> On Wed, 2 Oct 2002, ""Chris"" == Chris Garrigues wrote: Chris> I'm not sure I'll get to it any time soon. Well, you have a pretty good idea of when I might get to it (the phrase hell freezes over comes to mind)... so whenever you can will certainly be fine. Thanks for considering it. In the meantime I've set the ""minimum entry lines"" to 1. It certainly isn't going to make me go back to the old version. --Hal ___ Exmh-workers mailing list Exmh-workers@redhat.com https://listman.redhat.com/mailman/listinfo/exmh-workers",,human_spam
spam_0436,Join & Get 4 DVDs for 49� ea. (+shipping & processing)! Details Inside...,"Never Pay Retail! chdvd.com from Columbia House The Columbia House DVD Club is the best way to build your DVD collection. Check out today's best sellers like Ocean's 11, Harry Potter and the Sorcerer's Stone, Gladiator and many more! Join now and you can... Get 4 DVDs for 49 each! shipping processing only $1.99 per DVD Details SPOTLIGHT Ocean's 11 Starring George Clooney, Brad Pitt, Matt Damon Harry Potter and the Sorcerer's Stone Starring Daniel Radcliffe, Rupert Grint, Emma Watson Gladiator Starring Russell Crowe, Joaquin Phoenix MORE TITLES Choose from these many more hot releases at chdvd.com! The Others Training Day Pearl Harbor (2001) 60th Anniversary Commemorative Edition Moulin Rouge (2001) Braveheart Shrek Special Edition Spy Game American Pie 2 Collector's Edition (Unrated) Gone In 60 Seconds The Green Mile More Hits Matrix Fast and the Furious (2001) Collector's Edition Serendipity Titanic Saving Private Ryan Special Limited Edition You have received this email because you have subscribed through one of our marketing partners. If you would like to learn more about Frugaljoe.com then please visit our website www.frugaljoe.com If this message was sent to you in error, or if you would like to unsubscribe please click here or cut and paste the following link into a web browser: http://www.frugaljoe.com/unsubscribe.php?eid=\~moc.cnietonten^^mj\~1754388\~12a1",,human_spam
spam_0210,"eBay, Be Debt Free by 2003! 8119","EBAY AUCTION NEWS ** Recommended Resource - Special Edition ** Monday, August 26th, 2002 Multiple Streams of revenue using eBay and Internet: FREE Auction Profits Toolkit and FREE training class (For the first 200 respondents) You have been selected to participate in this FREE offer. This eBay and Internet e-course, live web training conference, and Auction Profit Toolkit could easily sell for $297 - but it's yours absolutely FREE ! This special FREE offer has been brought to you by your friends at eBay Auction News. Craig Meyer (The Auction Man) has agreed to provide you a free live training class that you won't want to miss. You might say Craig Meyer - the Auction Man? That's because most of you remember Craig as the real estate guru who in 1997 helped over 2,000 families buy their own homes using little or none of their own money. Craig was featured on television programs throughout the country for this incredible effort. Craig is not one of those get rich quick gurus - but a guy who has helped families realize the American Dream - I will tell you Craig Meyer is the real deal! Craig and his staff have invested hundreds of thousands of dollars and thousands of hours testing, testing and more testing - Craig has developed an incredible system for making Big Money using eBay and the Internet This system will be revealed to you in - Craig's brand new live Online Conference - Craig is providing a limited number of eBay Auction News subscribers the opportunity to attend this con",,human_spam
enron_10491,enron mentions,"enron replaces fastow as finance chief - - - mcmahon takes over post ; move follows concerns over partnership deals the wall street journal , 10 / 25 / 01 enron ousts finance chief as s . e . c . looks at dealings the new york times , 10 / 25 / 01 pressured enron ousts cfo the washington post , 10 / 25 / 01 enron replaces cfo to reassure investors houston chronicle , 10 / 25 / 01 front page - first section - enron replaces finance chief . financial times ( u . k . edition ) , 10 / 25 / 01 companies appoints mcmahon afx news , 10 / 25 / 01 enron : embattled chief financial officer ousted chicago tribune , 10 / 25 / 01 enron ousts cfo amid sec probe los angeles times , 10 / 25 / 01 shell - shocked enron parts with cfo thestreet . com , 10 / 25 / 01 phew ! enron stinks realmoney . com , 10 / 25 / 01 small - stock focus : russell 2000 ekes out increase ; adtran , arris group post gains the wall street journal , 10 / 25 / 01 u . s . directors to be graded by activist : the ' bond ' treatment ( toronto edition headline . ) ; directors to get the bond treatment : members of boards to be graded by shareholder activists ( all but toronto edition headline . ) national post , 10 / 25 / 01 uk : u . s . stocks drift in europe as wary tone persists . reuters english news service , 10 / 25 / 01 world stock markets - wall st favours us tech stocks over blue chips americas . financial times ( u . k . edition ) , 10 / 25 / 01 enron replaces cfo andy fastow cbsmarketwatch , 10 / 25 / 01 usa : u",,legit
enron_16151,one - part vs two - part flag on tw contracts,"the following contracts were truly negotiated as one - part rates ( inclusive of reservation , commodity and surcharges ) : k # 24194 pnm $ 0 . 1100 / dth k # 24568 enervest $ 0 . 2200 / dth k # 24654 ena $ 0 . 2175 / dth the way the invoice system is designed , all contracts identified as one - part automatically generate ' credits for commodity ' on the reservation invoice . however , this causes us to underbill the shippers because these rates bump up against the max tariff demand rate . in the past , we switched the flag to be two - part to minimize the amount of manual invoice corrections for the schedulers . because we are briefing contracts and beginning our data conversion review / process for the new ets contracts system , we will correctly reflect the contract as negotiated . therefore , effective with september 2001 invoices , schedulers must remember to delete the credits for commodity on these invoices . also , the marketers will need to ensure the input of any discounts ( commodity and / or demand gri surcharges ) , if necessary , to guarantee that tw does not overbill these shippers . bottom line , make sure that the total amount invoiced on the reservation and commodity invoices combined for these contracts = rate listed above * contract maxdtq * number of days in month if you have any questions about this process , please contact me . thanks , elizabeth",,legit
enron_5489,visit to carnegie mellon,"dear dr . kaminski : pierre ste - marie tells me he has invited you to visit carnegie mellon . i would just like to emphasize how much we hope you can arrange a visit . we have had the good fortune of attracting outstanding students into our master ' s program in computational finance , and i think you will enjoy meeting them . last year alexander eydeland visited , and at the conclusion of the year hired one of the students . i look forward to meeting you . sincerely yours , steve shreve steven e . shreve department of mathematical sciences carnegie mellon university pittsburgh , pa 15213 - 3890 e - mail : shreve @ cmu . edu direct telephone : 412 - 268 - 8484 department telephone : 412 - 268 - 2545 fax : 412 - 268 - 6380",,legit
enron_9763,fortune ' s power 50,"dear ms . kitchen , you are a strong contender to be on fortune ? s list of the 50 most powerful women in business this year . please take a moment to make our powerful women issue as engaging and fun for our magazine readers and website users as it has been for us . by answering the following questions , you can help us to get a better sense of you and your busy life . please e - mail the information back to alynda _ wheat @ fortunemail . com by the end of the day on september 14 . we realize this doesn ? t give you much time , but this will go a long way to making our coverage more accurate and enjoyable . sincerely , vera titunik senior editor fortune date of birth where did you go to college ? graduate school ? please provide the names of your educational institutions , indicating graduate or undergraduate level . what was your undergraduate major ? how long have you been at your company ? how many times have you changed jobs or been promoted in the past five years ? what was your very first job ? what is your marital status ? if you are married , what does your husband do for a living ? do you have children ? how many ? what is your greatest passion outside of work ? was your mother employed outside of the home ? when was your last vacation and where did you go ? please finish this sentence , "" i can ' t live without my _ _ _ _ _ _ _ _ _ _ _ _ _ _ . """,,legit
enron_0089,updated spreadsheet,"here is the lastest and greatest . please make sure that you look at this carefully . there are some weird changes that happened . please make sure that you forward this on to whom ever needs it . if you have any questions , please feel free to call me . julie",,legit
enron_13029,schedule crawler : hourahead failure,start date : 12 / 31 / 01 ; hourahead hour : 21 ; hourahead schedule download failed . manual intervention required .,,legit
enron_13713,sunday news,"hi sally , i need to be working on my newest project , for which we went to hallettsville this week , and tomorrow is garden club , and i am almost through as president . i will not preside in april , as i have a conflict - new secretary in colonial dames and then all we have left in garden club will be our may luncheon . being presdent has not been too bad , as all of the ladies are very helpful . my project is the completion of our papers for the recognition of our cemetery by the state historic commissson . that is why we were in hallettville . hope to get that done by tuesday - there are many attachments necessary . we stayed in a bed and breakfast , which was fair but not oustanding breakfast . i ran by to see dot for a few minutes before we headed home . mary had spent sunday night with us to go with us and we met our cousin from missouri city also . enough of that , this will be a great quick way to communicate . i am glad cindy gave me your address . hope you have had a great week - end . i will write more another time . love , mom ( almost signed it sue )",,legit
enron_9959,texaco / havoline grand prix,"the texaco / havoline grand prix of houston will take place downtown on october 5 - 7 , 2001 . enron has developed a relationship with the pacwest racing team , a member of the cart fedex championship series featuring drivers scott dixon and mauricio gugelmin , which will enable us to offer our customers and executives a one of a kind hospitality package that will include the following features : gourmet hospitality including breakfast and lunch prepared for enron guests by an on - site chef at the race track in pacwest ' s summit ( mobile hospitality and business suites ) paddock passes allowing enron guests to visit the garage areas where race car preparation takes place and providing a "" behind the scenes "" look at the business of motor sports sunday race event tickets located in grandstand c , just before turn one and adjacent to the pacwest summit special pacwest driver autograph and "" meet and greet "" sessions for enron guests guided tours of pacwest ' s transporters and garage areas for enron guests thereby providing a hands - on look at how the race cars are prepared for the weekend ' s on - track activities opportunity to network with companies that support pacwest including but not limited to : nextel , jp morgan chase , gemstar , pennzoil , ppg , tully ' s coffee , snap - on , bosch , freightliner , toyota , panasonic , 3 d village i currently have the following tickets available for this event : friday , october 5 - 4 tickets saturday , october 6 - 15 tickets sund",,legit
enron_9569,fw : hits on dealbench for longview energy,"fyi - here is an example of what we are monitoring on the longview sale - not as significant or real - time as the info one gets from eol , but still helpful . chris calger 503 - 464 - 3735 here are the number of hits on dealbench as of 8 / 21 / 01 for the longview energy project . calpine benedetti , jeanne 13 blood , peter 1 consultant 53 jones , jeffery 4 overholt , william 1 sommer , mike 86 duke energy aitken , meredith 6 allen , scott 5 barpal , daniel 11 garcia , ramiro 5 hawkins , john 21 johnson , kevin 5 morris , andy 31 peters , mark 16 poindexter , mitch 14 pritchett , jon 13 sotak , michael 4 swati , daji 4 wybierala , peter 5 dynegy abshire , christopher 6 belcher , ed 1 grimberg , william 4 jackson , julie 3 lessig , wendy 13 muncey , steve 4 penner , laura 5 sharrick , tom 27 trevino , suzanne 1 mirant capomaccio , steven 10 davidson , phillip 14 garnto , gerald 2 moharani , nader 5 osterholt , mark 1 shandalov , james 3 wang , shirely 10 nrg andreas , dirk 6 lee , joon 2 smith , rachel 36 rogers 102 reliant anderson , rick 16 baumgartner , john 2 stidman , megan 21 anderson , tyler 80 patty deas enron north america 503 - 464 - 7092",,legit
enron_1392,"enron / hpl actuals for august 11 - 13 , 2000","august 11 , 2000 teco tap 108 . 333 / hpl iferc ; 20 . 000 / enron ls hpl lsk ic 20 . 000 / enron august 12 , 2000 teco tap 85 . 000 / hpl iferc ; 20 . 000 / enron ls hpl lsk ic 20 . 000 / enron august 13 , 2000 teco tap 32 . 500 / hpl iferc ; 20 . 000 / enron",,legit
enron_12953,start date : 12 / 25 / 01 ; hourahead hour : 8 ;,start date : 12 / 25 / 01 ; hourahead hour : 8 ; no ancillary schedules awarded . no variances detected . log messages : parsing file - - > > o : \ portland \ westdesk \ california scheduling \ iso final schedules \ 2001122508 . txt,,legit
enron_12769,start date : 12 / 11 / 01 ; hourahead hour : 14 ;,start date : 12 / 11 / 01 ; hourahead hour : 14 ; no ancillary schedules awarded . variances detected . variances detected in load schedule . log messages : parsing file - - > > o : \ portland \ westdesk \ california scheduling \ iso final schedules \ 2001121114 . txt - - - - load schedule - - - - $ $ $ variance found in table tblloads . details : ( hour : 14 / preferred : 589 . 02 / final : 589 . 02 ) trans _ type : final load _ id : pge 3 mkt _ type : 2 trans _ date : 12 / 11 / 01 sc _ id : enrj,,legit
enron_10395,fw : enron ' s departure from core business takes a toll on,"performance - - - - - original message - - - - - from : issuealert @ scientech . com [ mailto : issuealert @ scientech . com ] sent : monday , october 22 , 2001 1 : 36 pm to : issuealerthtml @ listserv . scientech . com subject : enron ' s departure from core business takes a toll on performance today ' s issuealert sponsors : scientech is currently interviewing 1 , 500 utilities on cis / crm and customer care in the united states and canada to determine : the leading software providers drivers of utility technology decisions analysis of license sales versus asp sales new market opportunities growing / shrinking software markets download a sample prospectus for an introduction to this new survey at : and contact jon brock at 505 - 244 - 7607 for more details . miss last week ? catch up on the latest deregulation , competition and restructuring developments in the energy industry with scientech ' s issueswatch october 22 , 2001 enron ' s departure from core business takes a toll on performance by will mcnamara director , electric industry analysis [ news item from reuters ] enron corp . ( nyse : ene ) stock sustained further heavy losses on october 19 as investor confidence in the former wall street favorite remained at a low ebb after it reported its first quarterly loss in over four years . the energy giant ' s stock was off $ 3 . 32 or 11 . 45 percent at $ 25 . 68 per share at mid - day trade on oct . 19 , making a cumulative loss of 28 percent for a week in which it report",,legit
enron_3468,teco _ gas _ issues . xls,here a preliminary list of items that need our attention . if any of you have action items that need attention please add them to the list and forward the list back to me .,,legit
enron_16451,dynegydirect maintenance update,"dynegydirect will be closing today , friday , february 15 th at 4 : 00 pm due to system maintenance . dynegydirect will resume normal trading hours on monday , february 18 th . dynegydirect e - care dynegy inc . 1000 louisiana , suite 5800 houston , texas 77002 e - mail : e - care @ dynegydirect . com phone : north america 877 . 396 . 3493 united kingdom 0800 . 169 . 6591 international + 1 . 713 . 767 . 5000 fax : north america 877 . 396 . 3492 united kingdom 0800 . 169 . 6615 international + 1 . 713 . 388 . 6002",,legit
enron_16422,northeast spring membership mixer,"february 4 , 2002 nesa members : attached is our northeast spring membership mixer to be held at macmenamin ' s south street seaport - nyc ! > > other great upcoming events : feb . 20 , 2002 - storage ecomonics brown bag mar . 12 - 13 , 2002 - nominations thru allocation technical training mar . 18 , 2002 - charity golf tournament please visit our website www . nesanet . org for more information or you can call us direct ( 713 ) 856 - 6525 . thanks ! lana moore director or education nesa",,legit
enron_14616,request submitted : access request for anabella . desouza @ enron . com,you have received this email because you are listed as a security approver . please click approval to review and act upon this request . request id : 000000000009842 request create date : 12 / 11 / 00 11 : 44 : 19 am requested for : anabella . desouza @ enron . com resource name : eol us backoffice reports resource type : applications,,legit
enron_12682,discussion of employee perfomance,"lelt me know when you have time to get together to discuss mr . purcell performance regards , scotty",,legit
enron_15518,christmas list,"i ' ve taken the oars at trying to revise this list . please look over and make changes as appropriate . i ' ve double struck the ones i thought we should delete , and have shaded in blue those cells which need to be corrected or filled - in . please let kevin know when you ' ve had a chance to review , correct and approve . he can then pass it on to audrey for final . i ' ve saved it in the common drive so everyone has a chance to work on it . it ' s at the following address : n : \ homedept \ tw _ nng \ tw longterm \ kevin \ . doc - - - - - - - - - - - - - - - - - - - - - - forwarded by jeffery fawcett / et & s / enron on 11 / 13 / 2000 02 : 43 pm - - - - - - - - - - - - - - - - - - - - - - - - - - - audrey robertson 11 / 07 / 2000 04 : 06 pm to : kevin hyatt / et & s / enron @ enron , lindy donoho / et & s / enron @ enron , jeffery fawcett / et & s / enron , lorraine lindberg / et & s / enron @ enron , tk lohman / et & s / enron @ enron , christine stokes / et & s / enron @ enron cc : subject : christmas list please find attached the revised copy of the christmast card list . i will be working on this list tomorrow and ask that you review . i have combined all of the lists and deleted duplicates . make sure that the persons and companies listed are updated . thanks in advance , adr",,legit
enron_2015,"enron / hpl actuals for november 9 , 2000",teco tap 40 . 000 / enron ; 45 . 000 / hpl iferc,,legit
enron_2868,april nominations at shell deer park,"- - - - - - - - - - - - - - - - - - - - - - forwarded by gary w lamphier / hou / ect on 03 / 26 / 2001 09 : 10 am - - - - - - - - - - - - - - - - - - - - - - - - - - - "" shankster jl ( luther ) "" on 03 / 24 / 2001 10 : 26 : 11 pm to : "" lamphier , gary "" cc : "" carter , john "" , "" oppio , janet "" , "" ricks , ruth "" subject : april nominations at shell deer park gary , april 2001 nominations for gas delivery to shell deer park are as follows : firm baseload - 60 , 000 mmbtu / d spot swing supply - 0 ( zero ) delivery of the above contract quantities is expected to be as follows : hpl - hp hpl - e hpl - s firm 35 , 000 mmbtu / d 25 , 000 mmbtu / d - 0 - mmbtu / d refinery turnaround activity started in january has been completed . chemical plant turnaround work is scheduled to begin in april and conclude in may . please note the zero nomination for the hpl - s station during the olefin turnaround . please let me know if you have any questions j . luther shankster energy & utilities planning > phone : 713 / 277 - 9307 > fax : 713 / 277 - 9941 > e - mail : jlshankster @ equiva . com >",,legit
enron_4304,"hello all ,","the program for the 2000 texas finance festival has been formalized and can be found on our web site at i do need to remind you of a few things before we converge on san antonio . first , be sure to contact the convention hotel and make your reservations . at last count there were only 6 rooms left . second , i need a completed application form from everyone so that we can get an accurate meal count . i am attaching the program announcement so you can fill out the appropriate boxes for meals and numbers of guests in the event you have not sent in a form . remember that we are starting the conference off with a luncheon on friday so plan on arriving early friday or coming in on thursday evening if you can . our hotel is right on the river and there are lots of restaurants and interesting things to visit in the immediate area ( the alamo is across the plaza from the hotel ) . we are making plans for spouses and children to attend both the dinner on friday and saturday evenings . the friday evening dinner begins at 6 p . m . so that we can be done in plenty of time for our private guided tour of the alamo at 8 : 00 p . m . for saturday we are still working out plans for the evening so stay tuned . there will be more information later as the conference nears . looking forward to seeing you all and in beautiful , sunny san antonio . john - announcerev . doc john d . martin carr p . collins chair in finance finance department baylor university po box 98004 waco , tx 76798 254 - 710",,legit
enron_4991,sharad agnihotri : telephone chat following the offer,"hi kate , thanks for setting up the telephone informal discussion with sharad so that i can make him more comfortable with what ' s on offer - i really think it will make the difference . as you mentioned , the agency fee goes up from 25 % to 30 % at 50 , 000 , hence the offer of 49 , 000 . i guess , as you mentioned , we can keep in reserve the possibility of an element of sign on bonus to get him over the decision hump . regards & thanks , anjam",,legit
enron_2752,wellhead adjustments,"the attached spreadsheet reflects adjustments to wellhead meters effective 3 / 16 / 01 . the nominations were changed to volumes in the "" to "" column . bob",,legit
enron_5141,daily natural gas price outlook,"vince . . . can you believe it ? - - - mike - - - - - - - - - - - - - - - - - - - - - - forwarded by mike a roberts / hou / ect on 07 / 31 / 2000 10 : 13 am - - - - - - - - - - - - - - - - - - - - - - - - - - - "" edward krapels "" on 07 / 31 / 2000 08 : 57 : 56 am please respond to to : cc : subject : daily natural gas price outlook today , s esai daily natural gas price outlook will be delayed due to unexpected illness of the weather forecaster . we will post our analysis as soon as we gather all the necessary information .",,legit
enron_14394,ena legal expenditures,"in order to provide better oversight and control of ena legal expenditures on large transactions , please continue to follow the procedures set forth below for transactions where outside legal fees and expenses are expected to exceed $ 25 , 000 . 00 . the purpose of these procedures is to ( i ) improve communication with counsel ( inside and outside ) on issues , fees and services and ( ii ) send price signals on legal costs ( with respect to specific transactions ) on a timely basis to the business units . every effort should be made to continue to provide high quality legal work that has become standard at ena . 1 . a written estimate of proposed fees and expenses and a written description of the services shall be provided by our outside counsel . the responsible business unit and the general counsel shall review and approve such written estimate before our outside counsel is directed to provide substantial professional services . 2 . our outside counsel shall be instructed to promptly submit a revised written estimate if such outside counsel determines that legal fees and expenses for such transaction will exceed the previous written estimate by $ 25 , 000 . 00 . such revised written estimate shall be reviewed and approved by the responsible business unit and the general counsel or his / her designee before our outside counsel is directed to provide substantial additional professional services . 3 . in order to accurately track such expenses so that the expenses can be pro",,legit
enron_14864,ut intern offers,"dear ut team : as you know , we conducted our intern interviews at ut last week . we interviewed almost 50 candidates during round 1 ( thanks to chris sherman , jim cole , hunter shively , dwight fruge ' , stan dowell , rick carson , and kim chick ) , and our round 2 interviewers ( rick causey , brent price , mark lindsey , and mike deville ) have selected the following 11 candidates for a summer internship : cathy wang 512 - 479 - 7264 ameet rane 512 - 505 - 2045 michelle yee 512 - 495 - 3264 jessica payne 512 - 499 - 8729 wesley thoman 512 - 343 - 8895 pranav gandhi 512 - 294 - 4311 ( active in student government - elections to be held next wednesday and thursday ) daniel payne 512 - 472 - 6739 kruti patel 512 - 356 - 2321 rachel ravanzo 512 - 689 - 3814 ( also interested in the tax group - will decide between the 2 options , but was extended 1 offer ) vivek shah 512 - 495 - 4066 vini adenwala 512 - 457 - 8744 i will send cultivation assignments next week , but in the mean time please feel free to call and congratulate these candidates . i have extended verbal offers to each of them and they should receive their offer letters by the end of next week . thanks to each of our interviewers for their help and long hours ! lexi 3 - 4585",,legit
enron_15154,ios participants,"toby - the participants to transwestern ' s ios are provided below . once you provide me each bidder ' s identification code i will communicate this information to the bidders . sempra usgt / aquila , l . p . texaco coral duke burlington oneok williams reliant amoco",,legit
enron_16289,thanksgiving holiday,"as we approach the thanksgiving holiday , i want to take this opportunity to wish you and yours a safe and happy holiday . with the recent events in our nation , giving thanks this year has taken on a whole new meaning . this thanksgiving we honor the brave , enduring heroes who gave their lives as well as those who are abroad fighting for freedom . we can be thankful for our great nation and for the world coming together . i recognize that here at enron we are working through some challenging times and that everyone in the organization is working hard . thank you for your continued dedication . please take some time over the holiday to enjoy your family and friends . happy thanksgiving . stan",,legit
enron_1240,out of the office,"i will be out of the office this afternoon , beginning at 1 p . m . should anyone receive a call or question regarding the pgev hub , please call mark mccoy at extension 33396 . thank you . mary",,legit
enron_8178,beth perlman - out of office,"beth perlman will be out of the office tomorrow 3 / 16 and the week of 3 / 19 - 3 / 23 for foot surgery and recovery . beth will be home during this time and you can reach her at home 713 / 349 - 9414 or call me @ x 3 - 6477 . beth plans on returning to the office 3 / 26 . thanks , cheri",,legit
enron_7507,re : alp presentation,"christie , great ! ! you think big . it also puts a lot of pressure on the students . vince christie patrick 04 / 11 / 2001 10 : 57 am to : vince j kaminski / hou / ect @ ect , kenneth parkhill / na / enron @ enron , melinda mccarty / corp / enron @ enron , shirley crenshaw / hou / ect @ ect cc : subject : re : alp presentation vince and ken , please see note below . rice ' s president is planning to attend the presentation and dinner ! i ' ll let you know when i hear from gil ( dean whitaker ) . thanks ! also , please remember that i ' ve scheduled steve kean for lunch ( i ' ll have melinda have lunches brought to the conference room ) . please let me know the exact room number and the exact number of lunches needed from your end . thanks ! - - christie . - - - - - - - - - - - - - - - - - - - - - - forwarded by christie patrick / hou / ect on 04 / 11 / 2001 10 : 38 am - - - - - - - - - - - - - - - - - - - - - - - - - - - judith duvall on 04 / 11 / 2001 10 : 36 : 06 am to : christie . patrick @ enron . com cc : subject : re : alp presentation ms . patrick , dr . gillis will attend both events . judith at 06 : 01 pm 4 / 10 / 01 - 0500 , you wrote : > president gillis and dean whitaker , > > enron would be honored with your presense at the presentation set forth > below . > > under the guidance of vince kaminski and his team here at enron , we are > thoroughly enjoying working with this group of bright and enthusiastic rice > students . we hope you can join us for the culminati",,legit
enron_4992,reimbursement of individually billed items,"the memo distributed on june 27 on reimbursement of individually billed items requires clarification . the intent of the memo was to give employees an alternate method of paying for pagers , cell phones , etc . employees can continue to submit these invoices to accounts payable for processing or pay these items with their corporate american express card and request reimbursement through an expense report . either way is an acceptable way to process these small dollar high volume invoices .",,legit
enron_10811,re : fw : update on srp margin call,"i talked with despain . they are still in committee . tim has told them we need a response before early houston time for the market to digest any announcement . - - - - - original message - - - - - from : kitchen , louise sent : wednesday , november 07 , 2001 8 : 25 pm to : bradford , william s . subject : re : fw : update on srp margin call importance : high any news from despain ? - - - - - - - - - - - - - - - - - - - - - - - - - - sent from my blackberry wireless handheld - - - - - original message - - - - - from : bradford , william s . to : kitchen , louise sent : wed nov 07 19 : 35 : 07 2001 subject : fw : update on srp margin call - - - - - original message - - - - - from : hall , steve c . ( legal ) sent : wednesday , november 07 , 2001 7 : 30 pm to : belden , tim cc : sager , elizabeth ; bradford , william s . ; ngo , tracy subject : update on srp margin call importance : high tim , as you know , srp made a margin call to epmi on monday , by letter , seeking $ 5 . 5 million in margin under a "" one - off "" contract . tracy and i sent a letter back on tuesday , arguing that the contract does not permit srp to call for additional margin unless ene is downgraded to junk status . srp responded to our letter this afternoon . predictably , srp disagrees with our view of the contract and demands its margin . srp says that it will treat our failure to post $ 5 . 5 million by monday , november 12 , in either cash or an irrevocable letter of credit , as an event of default and ",,legit
enron_7430,institutional investor journals profile update confirmation,"thank you for updating your ii journals profile information . changes to your user id , password and e - mail address have been made . please allow 24 hours for any other changes you ' ve made to take effect in our system . here is the profile information we have for you : account number : 12973228 first name : vince last name : kaminski company name : enron corp position : managing director department : address 1 : 1400 smith st eb 1962 address 2 : city : houston state : tx zip code : 77002 - 7327 country : usa phone : ( 713 ) 853 - 3848 extension : fax : ( 713 ) 646 - 2503 foreign phone : foreign fax : email : vkamins @ enron . com user id : vkaminski password : italia",,legit
enron_6143,year end 2000 feedback deadline,"prc meetings begin on monday , november 20 th . if you have not already done so , please go in to pep at http : / / pep . corp . enron . com and complete the requests for feedback on the employees listed below . if you have any questions , please call the pep help desk at : houston : 1 - 713 - 853 - 4777 , option 4 london : 44 - 207 - 783 - 4040 , option 4 e - mail : perfmgmt @ enron . com thank you for your participation . andrews , naveen c baxter , ashley campos , hector o carson , richard l crenshaw , shirley j gandy , kristin h gorny , vladimir hewitt , kirstee l hickerson , gary j kaminski , wincenty j kindall , kevin leppard , steven patrick , christie a pham , bich anh t raymond , maureen j rosen , michael b sun , li supatgiat , chonawee tamarchenko , tanya v tawney , mark r thuraisingham , ravi williams , matthew yaman , sevil yuan , ding",,legit
enron_6568,fw : afternoon tea with fea,"vince : thanks for surfacing . happy new year ! linda december 2000 financial engineering associates , berkeley , ca gentlepeople , as the end of the year rapidly approaches , it seems timely to thank you for your business this year . thank you for helping to make this the best year ever for fea ! and , wed also like to wish you happy holidays and a healthy and prosperous new year . earlier this year , fea initiated 3 virtual coffee break 4 , an emailed newsletter for fea alliance partners . it has proven to be a popular and useful media to share information . this is our first effort at an emailed newsletter to fea clients , 3 afternoon tea with tracie ) . we hope you will take a few minutes to skim it for pertinent information and then move it to your fea file folder for future reference . * * * announcing fea product updates ! * * * fea has been extraordinarily busy running extensive testing on new releases . the following should be available to all clients , who are current on maintenance , in just a couple weeks . we will send an email notification of the availability of the release , and cds will be shipped . if you prefer , email support @ fea . com to request download instructions . @ energy . 2 . 0 will feature the release of the forward curve builder and the swing ( take or pay ) options valuation module . the forward curve builder , as its name suggests , calibrated the forward price curve for power ( electricity ) and other commodity markets . some additional new ",,legit
enron_9323,weekly deal report,this is the weekly report covering 7 / 19 - 7 / 25 . lex carroll enron power marketing midwest origination 713 - 853 - 5426,,legit
enron_4194,re : storage meeting,"dear rex , i believe there might be a few additions to this core group . i have spoken with sherron watkins and she is handling the storage side of the deal from product development perspective ( john bloomer ' s team ) and so she would need to be a part of this core group . i am trying to determine who else is involved with storage within ebs so that we don ' t replicate our efforts . i am hoping that after tomorrow ' s meeting we will have a better picture of how to go forward on this project . please let me know if you need any further information regarding this project . thank you very much for your interest and i look forward to meeting you in the near future . sincerely , shalesh ganjoo rex _ shelby @ enron . net on 03 / 09 / 2000 01 : 52 : 25 pm to : shalesh . ganjoo @ enron . com , mark _ s _ palmer @ enron . net cc : jim _ crowder @ enron . net subject : re : storage meeting shalesh , mark - - thanks for pulling this together . is the core team mark , mary , kara , mike , virawan , and shalesh ? i know that there is a lot of interest in this topic , but you folks will need to carefully control the noise level from all the input . let me know how i can help . best regards . - - rex shalesh . ganjoo @ enron . com on 03 / 09 / 2000 01 : 05 : 56 pm to : mark s palmer / enron communications @ enron communications , jim crowder / enron communications @ enron communications , jean mrha / enron communications @ enron communications , kara knop / enron communications @ enron ",,legit
enron_12331,july 11 th ca imbal deal number,"cal imbalance deal number , buy 50 mw , peak @ sp 679881 kysa m . alport enron north america 503 - 464 - 7486",,legit
enron_15094,enron building notice,"enron building notice tuesday , july 4 th , the enron building will be closed to visitors between the hours of 6 : 00 p . m . and 10 : 30 p . m . only those who have enron security access will be allowed to enter the building . if you any questions please contact the facilities help desk at x - 36300 .",,legit
enron_0100,7 th noms,- - - - - - - - - - - - - - - - - - - - - - forwarded by ami chokshi / corp / enron on 01 / 06 / 2000 10 : 49 am - - - - - - - - - - - - - - - - - - - - - - - - - - - troy _ a _ benoit @ reliantenergy . com on 01 / 06 / 2000 10 : 26 : 49 am to : ami chokshi / corp / enron @ enron cc : subject : 7 th noms ( see attached file : egmnom - jan . xls ) - egmnom - jan . xls,,legit
enron_13589,re : helsinki,"ted the view from frevert and sherriff is that you should lead the discussion on this . is this still okay with you ? fernley dyson 01 / 02 / 2000 12 : 01 to : sharron westbrook cc : sally beck / hou / ect @ ect , ted murphy / hou / ect @ ect , wes colwell / hou / ect @ ect , steve w young / lon / ect @ ect subject : helsinki sharron , please find attached the presentation for the meeting on helsinki with joe sutton at 8 . 30 am ( there have been some minor changes from earlier versions ) . would you print off enough colour copies for the houston attendees ? i also attach a supplementary document which may not be required in the meeting , but it would be useful if a number of copies could be to hand just in case . many thanks fernley",,legit
enron_13774,dates / info,"just wanted to keep you all posted on the latest and greatest . . . . . launch dates : bandwidth may 1 us pcg brazil ( power ) july 1 us pcg japan may 17 us pcg austria april 26 uk pcg australian coal q 2 / q 3 us pcg singapore may 8 uk pcg china tbd ? ? ? argentina july 1 us pcg auctions ( no dates yet , and not a lot of detail . . . ) : pipeline capacity reliable power coal pipeline imbalances plastics australian transmittal capacity generation capacity and . . . a few other things in the works : physical plastics ( a possible enron joint venture ) credit derivatives - possible stand alone site confirms generated through eol remote access ( e . g . palm pilot ) spreads options spreadsheet interfaces pipeline applications ( other non - enron pipes posting capacity on website ) autohedge so . . . . . looks like things are not going to slow down anytime soon ( in case you were thinking that they were ! ! ! ! ) let me know if you have any questions ! sheri",,legit
enron_4650,mid - year 2000 performance feedback,"note : you will receive this message each time you are selected as a reviewer . you have been selected to participate in the mid - year 2000 performance management process by providing meaningful feedback on specific employee ( s ) that have been identified for you . your feedback plays an important role in the performance management process , and your participation is very critical to the success of enron ' s performance management goals . please provide feedback on the employee ( s ) listed below by accessing the performance management system ( pep ) and completing an online feedback form as described in the "" performance management quick reference guide "" . you may begin your feedback input immediately . please have all feedback forms completed by the date noted below . if you have any questions regarding pep or your responsibility in the process , please call the pep help desk at the following numbers : in the u . s . : 1 - 713 - 853 - 4777 , option 4 in europe : 44 - 207 - 783 - 4040 , option 4 in canada : 1 - 403 - 974 - 6724 ( canada employees only ) or e - mail your questions to : perfmgmt @ enron . com thank you for your participation in this important process . the following list of employees is a cumulative list of all feedback requests , by operating company , that have an "" open "" feedback status . an employee ' s name will no longer appear once you have completed the feedback form and select the "" submit "" button in pep . review group : enron feedback due date :",,legit
enron_8009,pravas sud,"billy , i would like you to ask for a favor for one of the rice students , pravas sud . he is interested in a summer internship . his phone number is ( 713 ) 283 5825 , ( 832 ) 647 8738 ( c ) . vince p . s . a phone message explaining the special circumstances follows . it ' s very important for enron .",,legit
enron_1782,enron / hpl actuals for 10 / 6 - 9 / 00,"enron / hpl actuals friday , oct . 6 , 2000 teco tap 60 . 000 / enron , 15 . 625 / hpl iferc hpl ls katy i . c . 15 . 000 / hpl iferc saturday , oct . 7 , 2000 teco tap 60 . 000 / enron , 85 . 000 / hpl iferc hpl ls katy i . c . 3 . 750 / hpl iferc sunday , oct , 8 , 2000 teco tap 60 . 000 / enron , 90 . 000 / hpl iferc hpl ls katy i . c . 0 . 000",,legit
enron_14227,wellesley team meeting minutes,"i would like to thank everyone for participating in the first wellesley team meeting . i regret the delay in processing the minutes . the career placement center has been really busy and i needed to contact them to get some of the questions answered from the meeting . for those of you who were unable to attend , i have listed the topics of discussion : goals for wellesley - hiring goal of 4 ( not limited to ) analyst program changes - structure ( team leaders ) , developmental program , 2 day interview process interview training workshop - everyone that will be interviewing is required to attend a 2 hour session roles and responsibilities - role of team members , participation is tracked for prc recognition . wellesley campus plan - we discussed the presentation time being pushed back . i was able to get it pushed back to 5 : 00 o ' clock at the latest . there are other companies scheduled to present on that date and that was the latest time we coud get . there will be no class conflicts on that date ( september 28 , 2000 ) . we discussed the attire for the presentation being casual ( jeans ) . that concept was proposed to the career placement center assistant ( bernice tita ) and she said that casual attire will be well received . we would need to just indicate it when we publicize the event . - we discussed changing the interview dates due to scheduling conflicts . the dates that we were able to get were november 20 th and 21 st . - we discussed possible recruiting at neigh",,legit
enron_3378,"re : enron bid , cps rfq 14886 - bid clarification / questions","enron north american daren farmer 1400 smith street houston , texas 77002 thank you for your bid . cps is currently evaluating all bids . part of this process includes ( where needed ) clarification / confirmation of the bids . we emphasize we are not seeking nor can we accept any change of bids . our understanding of the your bid reflects ( in part ) : * unbundled gas supply , 5 year term : - to waha , agua dulce , or thompsonville ; up to 15 , 000 mmbtu / d , at stated bid prices ; firm baseload ( no nomination ) * bundled gas supply , 5 year term : - to cps - karnes or cps / el paso ; up to 15 , 000 mmbtu / d , at stated bid prices ; firm baseload ( no nomination ) . cps needs clarification of total volumes available combining maximum unbundled and bundled gas supply . we may have other questions as we continue our evaluation . we look forward to your response . please respond via email to me and all parties in the "" cc "" box above , or by fax to ms . trisha wiatrek at 210 - 353 - 3060 and copied to barry williams . again , thank you for your bid . sincerely , barry s williams geologist city public service po box 1771 / 145 navarro san antonio , tx 78296 210 - 353 - 2876",,legit
enron_10453,a few answers . . . . .,"eim trades pulp and paper on the nymex . i think we were looking at the net nymex total when you were down earlier . the print is so small . for the month of october initial margin was ( . 3 ) and variation margin is . 3 , net zero for eim . cgas went into the hawaii vehicle in march of 2001 . ( a 125 transaction vehicle ) ena received $ 58 . 0 . canada has $ 1 . 4 million in the bank as of this morning . canada just wired $ 45 . 0 million to houston on monday ( 10 / 22 ) .",,legit
